subj,block,success_rate,condition,run,stage
GL03,0,0.0763888888888889,FB,1,early
GL04,0,0.28715277777777776,FB,1,early
GL05,0,0.09270833333333334,FB,1,early
GL06,0,0.029166666666666667,FB,1,early
GL07,0,0.12881944444444443,FB,1,early
GL08,0,0.17569444444444443,FB,1,early
GL09,0,0.10729166666666666,FB,1,early
GL10,0,0.04548611111111111,FB,1,early
GL11,0,0.14930555555555555,FB,1,early
GL12,0,0.05451388888888889,FB,1,early
GL14,0,0.40069444444444446,FB,1,early
GL15,0,0.033680555555555554,FB,1,early
GL16,0,0.14270833333333333,FB,1,early
GL17,0,0.075,FB,1,early
GL18,0,0.034722222222222224,FB,1,early
GL19,0,0.18784722222222222,FB,1,early
GL20,0,0.146875,FB,1,early
GL21,0,0.0625,FB,1,early
GL22,0,0.028125,FB,1,early
GL24,0,0.15555555555555556,FB,1,early
GL25,0,0.11736111111111111,FB,1,early
GL26,0,0.23472222222222222,FB,1,early
GL27,0,0.15763888888888888,FB,1,early
GL29,0,0.12881944444444443,FB,1,early
GL03,1,0.00034722222222222224,nFB,1,early
GL04,1,0.31319444444444444,nFB,1,early
GL05,1,0.001736111111111111,nFB,1,early
GL06,1,0.021527777777777778,nFB,1,early
GL07,1,0.018055555555555554,nFB,1,early
GL08,1,0.009027777777777777,nFB,1,early
GL09,1,0.07256944444444445,nFB,1,early
GL10,1,0.00798611111111111,nFB,1,early
GL11,1,0.0045138888888888885,nFB,1,early
GL12,1,0.016666666666666666,nFB,1,early
GL14,1,0.08784722222222222,nFB,1,early
GL15,1,0.009375,nFB,1,early
GL16,1,0.007291666666666667,nFB,1,early
GL17,1,0.005555555555555556,nFB,1,early
GL18,1,0.06145833333333333,nFB,1,early
GL19,1,0.007291666666666667,nFB,1,early
GL20,1,0.012152777777777778,nFB,1,early
GL21,1,0.010763888888888889,nFB,1,early
GL22,1,0.027430555555555555,nFB,1,early
GL24,1,0.006597222222222222,nFB,1,early
GL25,1,0.06041666666666667,nFB,1,early
GL26,1,0.013194444444444444,nFB,1,early
GL27,1,0.004166666666666667,nFB,1,early
GL29,1,0.0024305555555555556,nFB,1,early
GL03,2,0.07569444444444444,FB,1,early
GL04,2,0.38472222222222224,FB,1,early
GL05,2,0.14722222222222223,FB,1,early
GL06,2,0.07326388888888889,FB,1,early
GL07,2,0.21388888888888888,FB,1,early
GL08,2,0.3454861111111111,FB,1,early
GL09,2,0.121875,FB,1,early
GL10,2,0.058680555555555555,FB,1,early
GL11,2,0.0045138888888888885,FB,1,early
GL12,2,0.021527777777777778,FB,1,early
GL14,2,0.3121527777777778,FB,1,early
GL15,2,0.15208333333333332,FB,1,early
GL16,2,0.16111111111111112,FB,1,early
GL17,2,0.08541666666666667,FB,1,early
GL18,2,0.26180555555555557,FB,1,early
GL19,2,0.17083333333333334,FB,1,early
GL20,2,0.196875,FB,1,early
GL21,2,0.3020833333333333,FB,1,early
GL22,2,0.1,FB,1,early
GL24,2,0.12118055555555556,FB,1,early
GL25,2,0.08472222222222223,FB,1,early
GL26,2,0.11875,FB,1,early
GL27,2,0.02673611111111111,FB,1,early
GL29,2,0.37777777777777777,FB,1,early
GL03,3,0.050347222222222224,nFB,1,early
GL04,3,0.17673611111111112,nFB,1,early
GL05,3,0.0625,nFB,1,early
GL06,3,0.012847222222222222,nFB,1,early
GL07,3,0.01423611111111111,nFB,1,early
GL08,3,0.07534722222222222,nFB,1,early
GL09,3,0.078125,nFB,1,early
GL10,3,0.08888888888888889,nFB,1,early
GL11,3,0.03993055555555555,nFB,1,early
GL12,3,0.025347222222222222,nFB,1,early
GL14,3,0.01423611111111111,nFB,1,early
GL15,3,0.013194444444444444,nFB,1,early
GL16,3,0.1545138888888889,nFB,1,early
GL17,3,0.006944444444444444,nFB,1,early
GL18,3,0.012847222222222222,nFB,1,early
GL19,3,0.012847222222222222,nFB,1,early
GL20,3,0.010069444444444445,nFB,1,early
GL21,3,0.03680555555555556,nFB,1,early
GL22,3,0.004861111111111111,nFB,1,early
GL24,3,0.0024305555555555556,nFB,1,early
GL25,3,0.1545138888888889,nFB,1,early
GL26,3,0.04722222222222222,nFB,1,early
GL27,3,0.014930555555555556,nFB,1,early
GL29,3,0.290625,nFB,1,early
GL03,4,0.06631944444444444,FB,1,early
GL04,4,0.38645833333333335,FB,1,early
GL05,4,0.20416666666666666,FB,1,early
GL06,4,0.20729166666666668,FB,1,early
GL07,4,0.22291666666666668,FB,1,early
GL08,4,0.39305555555555555,FB,1,early
GL09,4,0.09097222222222222,FB,1,early
GL10,4,0.033680555555555554,FB,1,early
GL11,4,0.303125,FB,1,early
GL12,4,0.007291666666666667,FB,1,early
GL14,4,0.4267361111111111,FB,1,early
GL15,4,0.043055555555555555,FB,1,early
GL16,4,0.03819444444444445,FB,1,early
GL17,4,0.12222222222222222,FB,1,early
GL18,4,0.2076388888888889,FB,1,early
GL19,4,0.18506944444444445,FB,1,early
GL20,4,0.2013888888888889,FB,1,early
GL21,4,0.09375,FB,1,early
GL22,4,0.20625,FB,1,early
GL24,4,0.2947916666666667,FB,1,early
GL25,4,0.22534722222222223,FB,1,early
GL26,4,0.1909722222222222,FB,1,early
GL27,4,0.1423611111111111,FB,1,early
GL29,4,0.3815972222222222,FB,1,early
GL03,5,0.07361111111111111,nFB,1,early
GL04,5,0.19618055555555555,nFB,1,early
GL05,5,0.049305555555555554,nFB,1,early
GL06,5,0.13159722222222223,nFB,1,early
GL07,5,0.034027777777777775,nFB,1,early
GL08,5,0.015625,nFB,1,early
GL09,5,0.017013888888888887,nFB,1,early
GL10,5,0.00625,nFB,1,early
GL11,5,0.21805555555555556,nFB,1,early
GL12,5,0.016666666666666666,nFB,1,early
GL14,5,0.121875,nFB,1,early
GL15,5,0.06701388888888889,nFB,1,early
GL16,5,0.234375,nFB,1,early
GL17,5,0.06319444444444444,nFB,1,early
GL18,5,0.06944444444444445,nFB,1,early
GL19,5,0.006597222222222222,nFB,1,early
GL20,5,0.11215277777777778,nFB,1,early
GL21,5,0.017708333333333333,nFB,1,early
GL22,5,0.004166666666666667,nFB,1,early
GL24,5,0.01875,nFB,1,early
GL25,5,0.15034722222222222,nFB,1,early
GL26,5,0.04236111111111111,nFB,1,early
GL27,5,0.03715277777777778,nFB,1,early
GL29,5,0.39131944444444444,nFB,1,early
GL03,6,0.24791666666666667,FB,1,early
GL04,6,0.4857638888888889,FB,1,early
GL05,6,0.4173611111111111,FB,1,early
GL06,6,0.12465277777777778,FB,1,early
GL07,6,0.23159722222222223,FB,1,early
GL08,6,0.32013888888888886,FB,1,early
GL09,6,0.184375,FB,1,early
GL10,6,0.165625,FB,1,early
GL11,6,0.3177083333333333,FB,1,early
GL12,6,0.018055555555555554,FB,1,early
GL14,6,0.5225694444444444,FB,1,early
GL15,6,0.1986111111111111,FB,1,early
GL16,6,0.27118055555555554,FB,1,early
GL17,6,0.12083333333333333,FB,1,early
GL18,6,0.30520833333333336,FB,1,early
GL19,6,0.27534722222222224,FB,1,early
GL20,6,0.1625,FB,1,early
GL21,6,0.15590277777777778,FB,1,early
GL22,6,0.19375,FB,1,early
GL24,6,0.2420138888888889,FB,1,early
GL25,6,0.15069444444444444,FB,1,early
GL26,6,0.13923611111111112,FB,1,early
GL27,6,0.11006944444444444,FB,1,early
GL29,6,0.33368055555555554,FB,1,early
GL03,7,0.0763888888888889,nFB,1,early
GL04,7,0.21041666666666667,nFB,1,early
GL05,7,0.03819444444444445,nFB,1,early
GL06,7,0.014583333333333334,nFB,1,early
GL07,7,0.009375,nFB,1,early
GL08,7,0.05694444444444444,nFB,1,early
GL09,7,0.07048611111111111,nFB,1,early
GL10,7,0.007638888888888889,nFB,1,early
GL11,7,0.2902777777777778,nFB,1,early
GL12,7,0.011111111111111112,nFB,1,early
GL14,7,0.07604166666666666,nFB,1,early
GL15,7,0.14375,nFB,1,early
GL16,7,0.16527777777777777,nFB,1,early
GL17,7,0.06180555555555556,nFB,1,early
GL18,7,0.09340277777777778,nFB,1,early
GL19,7,0.009375,nFB,1,early
GL20,7,0.103125,nFB,1,early
GL21,7,0.008680555555555556,nFB,1,early
GL22,7,0.0020833333333333333,nFB,1,early
GL24,7,0.15138888888888888,nFB,1,early
GL25,7,0.1517361111111111,nFB,1,early
GL26,7,0.1892361111111111,nFB,1,early
GL27,7,0.00798611111111111,nFB,1,early
GL29,7,0.08090277777777778,nFB,1,early
GL03,8,0.27291666666666664,FB,1,early
GL04,8,0.41944444444444445,FB,1,early
GL05,8,0.08645833333333333,FB,1,early
GL06,8,0.16944444444444445,FB,1,early
GL07,8,0.10555555555555556,FB,1,early
GL08,8,0.5197916666666667,FB,1,early
GL09,8,0.09722222222222222,FB,1,early
GL10,8,0.25381944444444443,FB,1,early
GL11,8,0.3836805555555556,FB,1,early
GL12,8,0.10034722222222223,FB,1,early
GL14,8,0.5076388888888889,FB,1,early
GL15,8,0.3229166666666667,FB,1,early
GL16,8,0.2548611111111111,FB,1,early
GL17,8,0.171875,FB,1,early
GL18,8,0.27361111111111114,FB,1,early
GL19,8,0.2013888888888889,FB,1,early
GL20,8,0.278125,FB,1,early
GL21,8,0.05590277777777778,FB,1,early
GL22,8,0.3420138888888889,FB,1,early
GL24,8,0.35659722222222223,FB,1,early
GL25,8,0.39444444444444443,FB,1,early
GL26,8,0.16631944444444444,FB,1,early
GL27,8,0.08576388888888889,FB,1,early
GL29,8,0.33958333333333335,FB,1,early
GL03,9,0.090625,nFB,1,early
GL04,9,0.10798611111111112,nFB,1,early
GL05,9,0.008680555555555556,nFB,1,early
GL06,9,0.07291666666666667,nFB,1,early
GL07,9,0.022916666666666665,nFB,1,early
GL08,9,0.17673611111111112,nFB,1,early
GL09,9,0.041666666666666664,nFB,1,early
GL10,9,0.03576388888888889,nFB,1,early
GL11,9,0.2013888888888889,nFB,1,early
GL12,9,0.07604166666666666,nFB,1,early
GL14,9,0.010416666666666666,nFB,1,early
GL15,9,0.21909722222222222,nFB,1,early
GL16,9,0.265625,nFB,1,early
GL17,9,0.1284722222222222,nFB,1,early
GL18,9,0.04756944444444444,nFB,1,early
GL19,9,0.007291666666666667,nFB,1,early
GL20,9,0.1329861111111111,nFB,1,early
GL21,9,0.007291666666666667,nFB,1,early
GL22,9,0.015277777777777777,nFB,1,early
GL24,9,0.03715277777777778,nFB,1,early
GL25,9,0.14930555555555555,nFB,1,early
GL26,9,0.04131944444444444,nFB,1,early
GL27,9,0.003125,nFB,1,early
GL29,9,0.20555555555555555,nFB,1,early
GL03,10,0.3038194444444444,FB,1,early
GL04,10,0.41458333333333336,FB,1,early
GL05,10,0.14375,FB,1,early
GL06,10,0.20555555555555555,FB,1,early
GL07,10,0.19131944444444443,FB,1,early
GL08,10,0.3194444444444444,FB,1,early
GL09,10,0.2701388888888889,FB,1,early
GL10,10,0.1371527777777778,FB,1,early
GL11,10,0.33541666666666664,FB,1,early
GL12,10,0.05555555555555555,FB,1,early
GL14,10,0.55,FB,1,early
GL15,10,0.3684027777777778,FB,1,early
GL16,10,0.125,FB,1,early
GL17,10,0.25381944444444443,FB,1,early
GL18,10,0.23125,FB,1,early
GL19,10,0.27743055555555557,FB,1,early
GL20,10,0.14583333333333334,FB,1,early
GL21,10,0.022569444444444444,FB,1,early
GL22,10,0.28923611111111114,FB,1,early
GL24,10,0.4621527777777778,FB,1,early
GL25,10,0.25625,FB,1,early
GL26,10,0.21666666666666667,FB,1,early
GL27,10,0.2704861111111111,FB,1,early
GL29,10,0.5072916666666667,FB,1,early
GL03,11,0.08958333333333333,nFB,1,early
GL04,11,0.08506944444444445,nFB,1,early
GL05,11,0.09722222222222222,nFB,1,early
GL06,11,0.05451388888888889,nFB,1,early
GL07,11,0.011805555555555555,nFB,1,early
GL08,11,0.15486111111111112,nFB,1,early
GL09,11,0.15486111111111112,nFB,1,early
GL10,11,0.15694444444444444,nFB,1,early
GL11,11,0.14791666666666667,nFB,1,early
GL12,11,0.022569444444444444,nFB,1,early
GL14,11,0.08263888888888889,nFB,1,early
GL15,11,0.1371527777777778,nFB,1,early
GL16,11,0.35659722222222223,nFB,1,early
GL17,11,0.06319444444444444,nFB,1,early
GL18,11,0.134375,nFB,1,early
GL19,11,0.0125,nFB,1,early
GL20,11,0.08993055555555556,nFB,1,early
GL21,11,0.009375,nFB,1,early
GL22,11,0.06527777777777778,nFB,1,early
GL24,11,0.13090277777777778,nFB,1,early
GL25,11,0.12534722222222222,nFB,1,early
GL26,11,0.09340277777777778,nFB,1,early
GL27,11,0.0125,nFB,1,early
GL29,11,0.2565972222222222,nFB,1,early
GL03,12,0.471875,FB,2,early
GL04,12,0.5163194444444444,FB,2,early
GL05,12,0.2965277777777778,FB,2,early
GL06,12,0.3350694444444444,FB,2,early
GL07,12,0.24895833333333334,FB,2,early
GL08,12,0.40902777777777777,FB,2,early
GL09,12,0.25625,FB,2,early
GL10,12,0.3020833333333333,FB,2,early
GL11,12,0.22916666666666666,FB,2,early
GL12,12,0.2048611111111111,FB,2,early
GL14,12,0.6451388888888889,FB,2,early
GL15,12,0.1763888888888889,FB,2,early
GL16,12,0.44548611111111114,FB,2,early
GL17,12,0.44305555555555554,FB,2,early
GL18,12,0.44513888888888886,FB,2,early
GL19,12,0.3784722222222222,FB,2,early
GL20,12,0.14583333333333334,FB,2,early
GL21,12,0.06805555555555555,FB,2,early
GL22,12,0.23923611111111112,FB,2,early
GL24,12,0.46284722222222224,FB,2,early
GL25,12,0.33368055555555554,FB,2,early
GL26,12,0.22881944444444444,FB,2,early
GL27,12,0.26944444444444443,FB,2,early
GL29,12,0.4284722222222222,FB,2,early
GL03,13,0.09166666666666666,nFB,2,early
GL04,13,0.10208333333333333,nFB,2,early
GL05,13,0.06458333333333334,nFB,2,early
GL06,13,0.08055555555555556,nFB,2,early
GL07,13,0.05277777777777778,nFB,2,early
GL08,13,0.1076388888888889,nFB,2,early
GL09,13,0.06666666666666667,nFB,2,early
GL10,13,0.011805555555555555,nFB,2,early
GL11,13,0.052083333333333336,nFB,2,early
GL12,13,0.008680555555555556,nFB,2,early
GL14,13,0.09965277777777778,nFB,2,early
GL15,13,0.007638888888888889,nFB,2,early
GL16,13,0.23541666666666666,nFB,2,early
GL17,13,0.07569444444444444,nFB,2,early
GL18,13,0.13090277777777778,nFB,2,early
GL19,13,0.04097222222222222,nFB,2,early
GL20,13,0.09652777777777778,nFB,2,early
GL21,13,0.024652777777777777,nFB,2,early
GL22,13,0.028819444444444446,nFB,2,early
GL24,13,0.20798611111111112,nFB,2,early
GL25,13,0.34791666666666665,nFB,2,early
GL26,13,0.090625,nFB,2,early
GL27,13,0.014930555555555556,nFB,2,early
GL29,13,0.1527777777777778,nFB,2,early
GL03,14,0.5041666666666667,FB,2,early
GL04,14,0.5496527777777778,FB,2,early
GL05,14,0.2298611111111111,FB,2,early
GL06,14,0.440625,FB,2,early
GL07,14,0.19583333333333333,FB,2,early
GL08,14,0.49236111111111114,FB,2,early
GL09,14,0.15,FB,2,early
GL10,14,0.4309027777777778,FB,2,early
GL11,14,0.25069444444444444,FB,2,early
GL12,14,0.05277777777777778,FB,2,early
GL14,14,0.5465277777777777,FB,2,early
GL15,14,0.32708333333333334,FB,2,early
GL16,14,0.2482638888888889,FB,2,early
GL17,14,0.3798611111111111,FB,2,early
GL18,14,0.47152777777777777,FB,2,early
GL19,14,0.3368055555555556,FB,2,early
GL20,14,0.15,FB,2,early
GL21,14,0.16770833333333332,FB,2,early
GL22,14,0.3236111111111111,FB,2,early
GL24,14,0.4826388888888889,FB,2,early
GL25,14,0.33611111111111114,FB,2,early
GL26,14,0.24270833333333333,FB,2,early
GL27,14,0.20520833333333333,FB,2,early
GL29,14,0.2951388888888889,FB,2,early
GL03,15,0.13680555555555557,nFB,2,early
GL04,15,0.24479166666666666,nFB,2,early
GL05,15,0.04861111111111111,nFB,2,early
GL06,15,0.053125,nFB,2,early
GL07,15,0.003125,nFB,2,early
GL08,15,0.13819444444444445,nFB,2,early
GL09,15,0.08472222222222223,nFB,2,early
GL10,15,0.08854166666666667,nFB,2,early
GL11,15,0.017013888888888887,nFB,2,early
GL12,15,0.03125,nFB,2,early
GL14,15,0.1517361111111111,nFB,2,early
GL15,15,0.19375,nFB,2,early
GL16,15,0.21388888888888888,nFB,2,early
GL17,15,0.08298611111111111,nFB,2,early
GL18,15,0.05763888888888889,nFB,2,early
GL19,15,0.006597222222222222,nFB,2,early
GL20,15,0.01875,nFB,2,early
GL21,15,0.03715277777777778,nFB,2,early
GL22,15,0.01423611111111111,nFB,2,early
GL24,15,0.13020833333333334,nFB,2,early
GL25,15,0.08333333333333333,nFB,2,early
GL26,15,0.04861111111111111,nFB,2,early
GL27,15,0.010416666666666666,nFB,2,early
GL29,15,0.14097222222222222,nFB,2,early
GL03,16,0.5461805555555556,FB,2,early
GL04,16,0.4722222222222222,FB,2,early
GL05,16,0.37118055555555557,FB,2,early
GL06,16,0.16805555555555557,FB,2,early
GL07,16,0.10729166666666666,FB,2,early
GL08,16,0.47604166666666664,FB,2,early
GL09,16,0.2635416666666667,FB,2,early
GL10,16,0.14444444444444443,FB,2,early
GL11,16,0.184375,FB,2,early
GL12,16,0.05659722222222222,FB,2,early
GL14,16,0.6256944444444444,FB,2,early
GL15,16,0.28923611111111114,FB,2,early
GL16,16,0.3503472222222222,FB,2,early
GL17,16,0.32743055555555556,FB,2,early
GL18,16,0.35347222222222224,FB,2,early
GL19,16,0.28055555555555556,FB,2,early
GL20,16,0.16111111111111112,FB,2,early
GL21,16,0.06666666666666667,FB,2,early
GL22,16,0.28680555555555554,FB,2,early
GL24,16,0.4375,FB,2,early
GL25,16,0.38298611111111114,FB,2,early
GL26,16,0.146875,FB,2,early
GL27,16,0.16805555555555557,FB,2,early
GL29,16,0.2673611111111111,FB,2,early
GL03,17,0.1795138888888889,nFB,2,early
GL04,17,0.11180555555555556,nFB,2,early
GL05,17,0.08090277777777778,nFB,2,early
GL06,17,0.01597222222222222,nFB,2,early
GL07,17,0.09479166666666666,nFB,2,early
GL08,17,0.25416666666666665,nFB,2,early
GL09,17,0.1,nFB,2,early
GL10,17,0.023958333333333335,nFB,2,early
GL11,17,0.05659722222222222,nFB,2,early
GL12,17,0.042708333333333334,nFB,2,early
GL14,17,0.17395833333333333,nFB,2,early
GL15,17,0.06041666666666667,nFB,2,early
GL16,17,0.1638888888888889,nFB,2,early
GL17,17,0.06701388888888889,nFB,2,early
GL18,17,0.03854166666666667,nFB,2,early
GL19,17,0.006597222222222222,nFB,2,early
GL20,17,0.06631944444444444,nFB,2,early
GL21,17,0.0045138888888888885,nFB,2,early
GL22,17,0.19444444444444445,nFB,2,early
GL24,17,0.11493055555555555,nFB,2,early
GL25,17,0.08125,nFB,2,early
GL26,17,0.1232638888888889,nFB,2,early
GL27,17,0.03923611111111111,nFB,2,early
GL29,17,0.21284722222222222,nFB,2,early
GL03,18,0.46805555555555556,FB,2,early
GL04,18,0.37083333333333335,FB,2,early
GL05,18,0.33819444444444446,FB,2,early
GL06,18,0.22465277777777778,FB,2,early
GL07,18,0.23125,FB,2,early
GL08,18,0.3795138888888889,FB,2,early
GL09,18,0.25277777777777777,FB,2,early
GL10,18,0.2934027777777778,FB,2,early
GL11,18,0.4440972222222222,FB,2,early
GL12,18,0.033680555555555554,FB,2,early
GL14,18,0.6482638888888889,FB,2,early
GL15,18,0.35208333333333336,FB,2,early
GL16,18,0.2923611111111111,FB,2,early
GL17,18,0.22881944444444444,FB,2,early
GL18,18,0.6069444444444444,FB,2,early
GL19,18,0.2204861111111111,FB,2,early
GL20,18,0.2642361111111111,FB,2,early
GL21,18,0.125,FB,2,early
GL22,18,0.4378472222222222,FB,2,early
GL24,18,0.3614583333333333,FB,2,early
GL25,18,0.29131944444444446,FB,2,early
GL26,18,0.2465277777777778,FB,2,early
GL27,18,0.20972222222222223,FB,2,early
GL29,18,0.2878472222222222,FB,2,early
GL03,19,0.06770833333333333,nFB,2,early
GL04,19,0.06597222222222222,nFB,2,early
GL05,19,0.14895833333333333,nFB,2,early
GL06,19,0.018055555555555554,nFB,2,early
GL07,19,0.023958333333333335,nFB,2,early
GL08,19,0.16666666666666666,nFB,2,early
GL09,19,0.043055555555555555,nFB,2,early
GL10,19,0.08229166666666667,nFB,2,early
GL11,19,0.02361111111111111,nFB,2,early
GL12,19,0.07777777777777778,nFB,2,early
GL14,19,0.2520833333333333,nFB,2,early
GL15,19,0.00625,nFB,2,early
GL16,19,0.23541666666666666,nFB,2,early
GL17,19,0.08402777777777778,nFB,2,early
GL18,19,0.27569444444444446,nFB,2,early
GL19,19,0.017013888888888887,nFB,2,early
GL20,19,0.019097222222222224,nFB,2,early
GL21,19,0.006597222222222222,nFB,2,early
GL22,19,0.2298611111111111,nFB,2,early
GL24,19,0.04652777777777778,nFB,2,early
GL25,19,0.21493055555555557,nFB,2,early
GL26,19,0.0954861111111111,nFB,2,early
GL27,19,0.003472222222222222,nFB,2,early
GL29,19,0.11944444444444445,nFB,2,early
GL03,20,0.42951388888888886,FB,2,early
GL04,20,0.3951388888888889,FB,2,early
GL05,20,0.4045138888888889,FB,2,early
GL06,20,0.378125,FB,2,early
GL07,20,0.06215277777777778,FB,2,early
GL08,20,0.43819444444444444,FB,2,early
GL09,20,0.22465277777777778,FB,2,early
GL10,20,0.18854166666666666,FB,2,early
GL11,20,0.5138888888888888,FB,2,early
GL12,20,0.23368055555555556,FB,2,early
GL14,20,0.6840277777777778,FB,2,early
GL15,20,0.18611111111111112,FB,2,early
GL16,20,0.22951388888888888,FB,2,early
GL17,20,0.4170138888888889,FB,2,early
GL18,20,0.6052083333333333,FB,2,early
GL19,20,0.34791666666666665,FB,2,early
GL20,20,0.2795138888888889,FB,2,early
GL21,20,0.19930555555555557,FB,2,early
GL22,20,0.3875,FB,2,early
GL24,20,0.18611111111111112,FB,2,early
GL25,20,0.4482638888888889,FB,2,early
GL26,20,0.2965277777777778,FB,2,early
GL27,20,0.17847222222222223,FB,2,early
GL29,20,0.33819444444444446,FB,2,early
GL03,21,0.1951388888888889,nFB,2,early
GL04,21,0.15,nFB,2,early
GL05,21,0.05277777777777778,nFB,2,early
GL06,21,0.16041666666666668,nFB,2,early
GL07,21,0.05416666666666667,nFB,2,early
GL08,21,0.15520833333333334,nFB,2,early
GL09,21,0.06666666666666667,nFB,2,early
GL10,21,0.1423611111111111,nFB,2,early
GL11,21,0.06527777777777778,nFB,2,early
GL12,21,0.09027777777777778,nFB,2,early
GL14,21,0.14375,nFB,2,early
GL15,21,0.07881944444444444,nFB,2,early
GL16,21,0.209375,nFB,2,early
GL17,21,0.1371527777777778,nFB,2,early
GL18,21,0.3194444444444444,nFB,2,early
GL19,21,0.017361111111111112,nFB,2,early
GL20,21,0.022916666666666665,nFB,2,early
GL21,21,0.011111111111111112,nFB,2,early
GL22,21,0.103125,nFB,2,early
GL24,21,0.026041666666666668,nFB,2,early
GL25,21,0.2815972222222222,nFB,2,early
GL26,21,0.07777777777777778,nFB,2,early
GL27,21,0.0954861111111111,nFB,2,early
GL29,21,0.11701388888888889,nFB,2,early
GL03,22,0.36319444444444443,FB,2,early
GL04,22,0.23819444444444443,FB,2,early
GL05,22,0.3489583333333333,FB,2,early
GL06,22,0.3017361111111111,FB,2,early
GL07,22,0.22152777777777777,FB,2,early
GL08,22,0.44027777777777777,FB,2,early
GL09,22,0.2826388888888889,FB,2,early
GL10,22,0.396875,FB,2,early
GL11,22,0.55,FB,2,early
GL12,22,0.315625,FB,2,early
GL14,22,0.5847222222222223,FB,2,early
GL15,22,0.3902777777777778,FB,2,early
GL16,22,0.4444444444444444,FB,2,early
GL17,22,0.37881944444444443,FB,2,early
GL18,22,0.7190972222222223,FB,2,early
GL19,22,0.534375,FB,2,early
GL20,22,0.35520833333333335,FB,2,early
GL21,22,0.1684027777777778,FB,2,early
GL22,22,0.3579861111111111,FB,2,early
GL24,22,0.271875,FB,2,early
GL25,22,0.5045138888888889,FB,2,early
GL26,22,0.29131944444444446,FB,2,early
GL27,22,0.27708333333333335,FB,2,early
GL29,22,0.3375,FB,2,early
GL03,23,0.12916666666666668,nFB,2,early
GL04,23,0.1545138888888889,nFB,2,early
GL05,23,0.1597222222222222,nFB,2,early
GL06,23,0.03333333333333333,nFB,2,early
GL07,23,0.05277777777777778,nFB,2,early
GL08,23,0.034027777777777775,nFB,2,early
GL09,23,0.09861111111111111,nFB,2,early
GL10,23,0.14201388888888888,nFB,2,early
GL11,23,0.14027777777777778,nFB,2,early
GL12,23,0.06180555555555556,nFB,2,early
GL14,23,0.11805555555555555,nFB,2,early
GL15,23,0.03958333333333333,nFB,2,early
GL16,23,0.19444444444444445,nFB,2,early
GL17,23,0.0125,nFB,2,early
GL18,23,0.39444444444444443,nFB,2,early
GL19,23,0.013888888888888888,nFB,2,early
GL20,23,0.06180555555555556,nFB,2,early
GL21,23,0.022569444444444444,nFB,2,early
GL22,23,0.18784722222222222,nFB,2,early
GL24,23,0.009027777777777777,nFB,2,early
GL25,23,0.31979166666666664,nFB,2,early
GL26,23,0.05520833333333333,nFB,2,early
GL27,23,0.025,nFB,2,early
GL29,23,0.10798611111111112,nFB,2,early
GL03,24,0.584375,FB,3,late
GL04,24,0.5680555555555555,FB,3,late
GL05,24,0.46145833333333336,FB,3,late
GL06,24,0.328125,FB,3,late
GL07,24,0.3,FB,3,late
GL08,24,0.5173611111111112,FB,3,late
GL09,24,0.2791666666666667,FB,3,late
GL10,24,0.43159722222222224,FB,3,late
GL11,24,0.503125,FB,3,late
GL12,24,0.2659722222222222,FB,3,late
GL14,24,0.5996527777777778,FB,3,late
GL15,24,0.37118055555555557,FB,3,late
GL16,24,0.5788194444444444,FB,3,late
GL17,24,0.42256944444444444,FB,3,late
GL18,24,0.7253472222222223,FB,3,late
GL19,24,0.23541666666666666,FB,3,late
GL20,24,0.3267361111111111,FB,3,late
GL21,24,0.16875,FB,3,late
GL22,24,0.4479166666666667,FB,3,late
GL24,24,0.33645833333333336,FB,3,late
GL25,24,0.5315972222222223,FB,3,late
GL26,24,0.3732638888888889,FB,3,late
GL27,24,0.4305555555555556,FB,3,late
GL29,24,0.47638888888888886,FB,3,late
GL03,25,0.07430555555555556,nFB,3,late
GL04,25,0.10277777777777777,nFB,3,late
GL05,25,0.03819444444444445,nFB,3,late
GL06,25,0.04201388888888889,nFB,3,late
GL07,25,0.025694444444444443,nFB,3,late
GL08,25,0.09895833333333333,nFB,3,late
GL09,25,0.04722222222222222,nFB,3,late
GL10,25,0.16319444444444445,nFB,3,late
GL11,25,0.10555555555555556,nFB,3,late
GL12,25,0.06076388888888889,nFB,3,late
GL14,25,0.3715277777777778,nFB,3,late
GL15,25,0.08888888888888889,nFB,3,late
GL16,25,0.4461805555555556,nFB,3,late
GL17,25,0.05277777777777778,nFB,3,late
GL18,25,0.40208333333333335,nFB,3,late
GL19,25,0.010069444444444445,nFB,3,late
GL20,25,0.16597222222222222,nFB,3,late
GL21,25,0.11875,nFB,3,late
GL22,25,0.14305555555555555,nFB,3,late
GL24,25,0.20173611111111112,nFB,3,late
GL25,25,0.34930555555555554,nFB,3,late
GL26,25,0.25069444444444444,nFB,3,late
GL27,25,0.005555555555555556,nFB,3,late
GL29,25,0.20833333333333334,nFB,3,late
GL03,26,0.5833333333333334,FB,3,late
GL04,26,0.3701388888888889,FB,3,late
GL05,26,0.32083333333333336,FB,3,late
GL06,26,0.37916666666666665,FB,3,late
GL07,26,0.20451388888888888,FB,3,late
GL08,26,0.47152777777777777,FB,3,late
GL09,26,0.28715277777777776,FB,3,late
GL10,26,0.44583333333333336,FB,3,late
GL11,26,0.3885416666666667,FB,3,late
GL12,26,0.15347222222222223,FB,3,late
GL14,26,0.6493055555555556,FB,3,late
GL15,26,0.28888888888888886,FB,3,late
GL16,26,0.42569444444444443,FB,3,late
GL17,26,0.3034722222222222,FB,3,late
GL18,26,0.7038194444444444,FB,3,late
GL19,26,0.29444444444444445,FB,3,late
GL20,26,0.5826388888888889,FB,3,late
GL21,26,0.19930555555555557,FB,3,late
GL22,26,0.4378472222222222,FB,3,late
GL24,26,0.2520833333333333,FB,3,late
GL25,26,0.45208333333333334,FB,3,late
GL26,26,0.3284722222222222,FB,3,late
GL27,26,0.44513888888888886,FB,3,late
GL29,26,0.4864583333333333,FB,3,late
GL03,27,0.07708333333333334,nFB,3,late
GL04,27,0.1736111111111111,nFB,3,late
GL05,27,0.12569444444444444,nFB,3,late
GL06,27,0.05763888888888889,nFB,3,late
GL07,27,0.013194444444444444,nFB,3,late
GL08,27,0.3076388888888889,nFB,3,late
GL09,27,0.058333333333333334,nFB,3,late
GL10,27,0.17881944444444445,nFB,3,late
GL11,27,0.09375,nFB,3,late
GL12,27,0.024652777777777777,nFB,3,late
GL14,27,0.15625,nFB,3,late
GL15,27,0.14270833333333333,nFB,3,late
GL16,27,0.31180555555555556,nFB,3,late
GL17,27,0.10277777777777777,nFB,3,late
GL18,27,0.45069444444444445,nFB,3,late
GL19,27,0.0125,nFB,3,late
GL20,27,0.43645833333333334,nFB,3,late
GL21,27,0.04131944444444444,nFB,3,late
GL22,27,0.16111111111111112,nFB,3,late
GL24,27,0.03159722222222222,nFB,3,late
GL25,27,0.22708333333333333,nFB,3,late
GL26,27,0.08819444444444445,nFB,3,late
GL27,27,0.00625,nFB,3,late
GL29,27,0.14201388888888888,nFB,3,late
GL03,28,0.6611111111111111,FB,3,late
GL04,28,0.5722222222222222,FB,3,late
GL05,28,0.4864583333333333,FB,3,late
GL06,28,0.3423611111111111,FB,3,late
GL07,28,0.22430555555555556,FB,3,late
GL08,28,0.5555555555555556,FB,3,late
GL09,28,0.2899305555555556,FB,3,late
GL10,28,0.4284722222222222,FB,3,late
GL11,28,0.3284722222222222,FB,3,late
GL12,28,0.3951388888888889,FB,3,late
GL14,28,0.6440972222222222,FB,3,late
GL15,28,0.3680555555555556,FB,3,late
GL16,28,0.5236111111111111,FB,3,late
GL17,28,0.4579861111111111,FB,3,late
GL18,28,0.6965277777777777,FB,3,late
GL19,28,0.21631944444444445,FB,3,late
GL20,28,0.47118055555555555,FB,3,late
GL21,28,0.2482638888888889,FB,3,late
GL22,28,0.4131944444444444,FB,3,late
GL24,28,0.1920138888888889,FB,3,late
GL25,28,0.47881944444444446,FB,3,late
GL26,28,0.3121527777777778,FB,3,late
GL27,28,0.44305555555555554,FB,3,late
GL29,28,0.465625,FB,3,late
GL03,29,0.075,nFB,3,late
GL04,29,0.26805555555555555,nFB,3,late
GL05,29,0.16111111111111112,nFB,3,late
GL06,29,0.16875,nFB,3,late
GL07,29,0.07222222222222222,nFB,3,late
GL08,29,0.25625,nFB,3,late
GL09,29,0.07013888888888889,nFB,3,late
GL10,29,0.1638888888888889,nFB,3,late
GL11,29,0.009722222222222222,nFB,3,late
GL12,29,0.034722222222222224,nFB,3,late
GL14,29,0.25416666666666665,nFB,3,late
GL15,29,0.09131944444444444,nFB,3,late
GL16,29,0.4013888888888889,nFB,3,late
GL17,29,0.07048611111111111,nFB,3,late
GL18,29,0.46493055555555557,nFB,3,late
GL19,29,0.007291666666666667,nFB,3,late
GL20,29,0.3302083333333333,nFB,3,late
GL21,29,0.04895833333333333,nFB,3,late
GL22,29,0.03298611111111111,nFB,3,late
GL24,29,0.009027777777777777,nFB,3,late
GL25,29,0.3059027777777778,nFB,3,late
GL26,29,0.13645833333333332,nFB,3,late
GL27,29,0.040625,nFB,3,late
GL29,29,0.134375,nFB,3,late
GL03,30,0.665625,FB,3,late
GL04,30,0.39861111111111114,FB,3,late
GL05,30,0.41875,FB,3,late
GL06,30,0.4201388888888889,FB,3,late
GL07,30,0.20555555555555555,FB,3,late
GL08,30,0.4236111111111111,FB,3,late
GL09,30,0.3388888888888889,FB,3,late
GL10,30,0.2545138888888889,FB,3,late
GL11,30,0.38819444444444445,FB,3,late
GL12,30,0.2746527777777778,FB,3,late
GL14,30,0.6458333333333334,FB,3,late
GL15,30,0.30243055555555554,FB,3,late
GL16,30,0.5385416666666667,FB,3,late
GL17,30,0.4444444444444444,FB,3,late
GL18,30,0.6399305555555556,FB,3,late
GL19,30,0.33819444444444446,FB,3,late
GL20,30,0.46319444444444446,FB,3,late
GL21,30,0.24583333333333332,FB,3,late
GL22,30,0.4048611111111111,FB,3,late
GL24,30,0.03263888888888889,FB,3,late
GL25,30,0.36666666666666664,FB,3,late
GL26,30,0.41458333333333336,FB,3,late
GL27,30,0.32013888888888886,FB,3,late
GL29,30,0.45208333333333334,FB,3,late
GL03,31,0.13125,nFB,3,late
GL04,31,0.3003472222222222,nFB,3,late
GL05,31,0.09756944444444444,nFB,3,late
GL06,31,0.13402777777777777,nFB,3,late
GL07,31,0.10659722222222222,nFB,3,late
GL08,31,0.36666666666666664,nFB,3,late
GL09,31,0.10520833333333333,nFB,3,late
GL10,31,0.12083333333333333,nFB,3,late
GL11,31,0.06354166666666666,nFB,3,late
GL12,31,0.05798611111111111,nFB,3,late
GL14,31,0.2465277777777778,nFB,3,late
GL15,31,0.13229166666666667,nFB,3,late
GL16,31,0.4270833333333333,nFB,3,late
GL17,31,0.03090277777777778,nFB,3,late
GL18,31,0.4253472222222222,nFB,3,late
GL19,31,0.06597222222222222,nFB,3,late
GL20,31,0.33819444444444446,nFB,3,late
GL21,31,0.029166666666666667,nFB,3,late
GL22,31,0.022222222222222223,nFB,3,late
GL24,31,0.003472222222222222,nFB,3,late
GL25,31,0.46597222222222223,nFB,3,late
GL26,31,0.08993055555555556,nFB,3,late
GL27,31,0.050694444444444445,nFB,3,late
GL29,31,0.19479166666666667,nFB,3,late
GL03,32,0.6524305555555555,FB,3,late
GL04,32,0.4791666666666667,FB,3,late
GL05,32,0.35208333333333336,FB,3,late
GL06,32,0.34756944444444443,FB,3,late
GL07,32,0.2708333333333333,FB,3,late
GL08,32,0.4809027777777778,FB,3,late
GL09,32,0.35555555555555557,FB,3,late
GL10,32,0.18611111111111112,FB,3,late
GL11,32,0.5208333333333334,FB,3,late
GL12,32,0.15416666666666667,FB,3,late
GL14,32,0.6645833333333333,FB,3,late
GL15,32,0.15381944444444445,FB,3,late
GL16,32,0.6548611111111111,FB,3,late
GL17,32,0.28229166666666666,FB,3,late
GL18,32,0.6458333333333334,FB,3,late
GL19,32,0.17326388888888888,FB,3,late
GL20,32,0.31840277777777776,FB,3,late
GL21,32,0.19340277777777778,FB,3,late
GL22,32,0.2777777777777778,FB,3,late
GL24,32,0.08645833333333333,FB,3,late
GL25,32,0.48854166666666665,FB,3,late
GL26,32,0.18958333333333333,FB,3,late
GL27,32,0.3267361111111111,FB,3,late
GL29,32,0.48020833333333335,FB,3,late
GL03,33,0.18194444444444444,nFB,3,late
GL04,33,0.19340277777777778,nFB,3,late
GL05,33,0.003125,nFB,3,late
GL06,33,0.19722222222222222,nFB,3,late
GL07,33,0.021875,nFB,3,late
GL08,33,0.10208333333333333,nFB,3,late
GL09,33,0.059375,nFB,3,late
GL10,33,0.14930555555555555,nFB,3,late
GL11,33,0.16006944444444443,nFB,3,late
GL12,33,0.11875,nFB,3,late
GL14,33,0.14583333333333334,nFB,3,late
GL15,33,0.14444444444444443,nFB,3,late
GL16,33,0.35520833333333335,nFB,3,late
GL17,33,0.10069444444444445,nFB,3,late
GL18,33,0.5611111111111111,nFB,3,late
GL19,33,0.012847222222222222,nFB,3,late
GL20,33,0.11354166666666667,nFB,3,late
GL21,33,0.10694444444444444,nFB,3,late
GL22,33,0.06388888888888888,nFB,3,late
GL24,33,0.024652777777777777,nFB,3,late
GL25,33,0.24027777777777778,nFB,3,late
GL26,33,0.11979166666666667,nFB,3,late
GL27,33,0.046875,nFB,3,late
GL29,33,0.10347222222222222,nFB,3,late
GL03,34,0.5572916666666666,FB,3,late
GL04,34,0.4565972222222222,FB,3,late
GL05,34,0.32916666666666666,FB,3,late
GL06,34,0.409375,FB,3,late
GL07,34,0.14027777777777778,FB,3,late
GL08,34,0.6572916666666667,FB,3,late
GL09,34,0.41423611111111114,FB,3,late
GL10,34,0.3715277777777778,FB,3,late
GL11,34,0.5545138888888889,FB,3,late
GL12,34,0.18125,FB,3,late
GL14,34,0.7215277777777778,FB,3,late
GL15,34,0.23368055555555556,FB,3,late
GL16,34,0.5486111111111112,FB,3,late
GL17,34,0.459375,FB,3,late
GL18,34,0.7142361111111111,FB,3,late
GL19,34,0.38263888888888886,FB,3,late
GL20,34,0.55625,FB,3,late
GL21,34,0.12638888888888888,FB,3,late
GL22,34,0.38055555555555554,FB,3,late
GL24,34,0.21284722222222222,FB,3,late
GL25,34,0.5065972222222223,FB,3,late
GL26,34,0.23506944444444444,FB,3,late
GL27,34,0.36319444444444443,FB,3,late
GL29,34,0.4423611111111111,FB,3,late
GL03,35,0.13055555555555556,nFB,3,late
GL04,35,0.23055555555555557,nFB,3,late
GL05,35,0.06145833333333333,nFB,3,late
GL06,35,0.08263888888888889,nFB,3,late
GL07,35,0.014583333333333334,nFB,3,late
GL08,35,0.04652777777777778,nFB,3,late
GL09,35,0.18229166666666666,nFB,3,late
GL10,35,0.12013888888888889,nFB,3,late
GL11,35,0.07361111111111111,nFB,3,late
GL12,35,0.09513888888888888,nFB,3,late
GL14,35,0.1361111111111111,nFB,3,late
GL15,35,0.13125,nFB,3,late
GL16,35,0.12256944444444444,nFB,3,late
GL17,35,0.05277777777777778,nFB,3,late
GL18,35,0.4427083333333333,nFB,3,late
GL19,35,0.006597222222222222,nFB,3,late
GL20,35,0.09479166666666666,nFB,3,late
GL21,35,0.09305555555555556,nFB,3,late
GL22,35,0.22430555555555556,nFB,3,late
GL24,35,0.005208333333333333,nFB,3,late
GL25,35,0.3145833333333333,nFB,3,late
GL26,35,0.0875,nFB,3,late
GL27,35,0.007291666666666667,nFB,3,late
GL29,35,0.13368055555555555,nFB,3,late
GL03,36,0.603125,FB,4,late
GL04,36,0.43506944444444445,FB,4,late
GL05,36,0.5326388888888889,FB,4,late
GL06,36,0.2916666666666667,FB,4,late
GL07,36,0.3329861111111111,FB,4,late
GL08,36,0.49618055555555557,FB,4,late
GL09,36,0.3996527777777778,FB,4,late
GL10,36,0.17673611111111112,FB,4,late
GL11,36,0.65,FB,4,late
GL12,36,0.2847222222222222,FB,4,late
GL14,36,0.7822916666666667,FB,4,late
GL15,36,0.40694444444444444,FB,4,late
GL16,36,0.5555555555555556,FB,4,late
GL17,36,0.4708333333333333,FB,4,late
GL18,36,0.6486111111111111,FB,4,late
GL19,36,0.3902777777777778,FB,4,late
GL20,36,0.3388888888888889,FB,4,late
GL21,36,0.1736111111111111,FB,4,late
GL22,36,0.5642361111111112,FB,4,late
GL24,36,0.46493055555555557,FB,4,late
GL25,36,0.56875,FB,4,late
GL26,36,0.3927083333333333,FB,4,late
GL27,36,0.3902777777777778,FB,4,late
GL29,36,0.5427083333333333,FB,4,late
GL03,37,0.14583333333333334,nFB,4,late
GL04,37,0.071875,nFB,4,late
GL05,37,0.134375,nFB,4,late
GL06,37,0.06354166666666666,nFB,4,late
GL07,37,0.075,nFB,4,late
GL08,37,0.24756944444444445,nFB,4,late
GL09,37,0.10659722222222222,nFB,4,late
GL10,37,0.16597222222222222,nFB,4,late
GL11,37,0.27881944444444445,nFB,4,late
GL12,37,0.071875,nFB,4,late
GL14,37,0.28923611111111114,nFB,4,late
GL15,37,0.11006944444444444,nFB,4,late
GL16,37,0.37395833333333334,nFB,4,late
GL17,37,0.09513888888888888,nFB,4,late
GL18,37,0.30416666666666664,nFB,4,late
GL19,37,0.035416666666666666,nFB,4,late
GL20,37,0.28958333333333336,nFB,4,late
GL21,37,0.09513888888888888,nFB,4,late
GL22,37,0.2222222222222222,nFB,4,late
GL24,37,0.07777777777777778,nFB,4,late
GL25,37,0.3659722222222222,nFB,4,late
GL26,37,0.14479166666666668,nFB,4,late
GL27,37,0.103125,nFB,4,late
GL29,37,0.2989583333333333,nFB,4,late
GL03,38,0.5402777777777777,FB,4,late
GL04,38,0.4125,FB,4,late
GL05,38,0.3861111111111111,FB,4,late
GL06,38,0.40902777777777777,FB,4,late
GL07,38,0.35694444444444445,FB,4,late
GL08,38,0.4496527777777778,FB,4,late
GL09,38,0.4354166666666667,FB,4,late
GL10,38,0.5309027777777777,FB,4,late
GL11,38,0.34965277777777776,FB,4,late
GL12,38,0.25069444444444444,FB,4,late
GL14,38,0.7409722222222223,FB,4,late
GL15,38,0.27847222222222223,FB,4,late
GL16,38,0.4777777777777778,FB,4,late
GL17,38,0.5677083333333334,FB,4,late
GL18,38,0.659375,FB,4,late
GL19,38,0.42083333333333334,FB,4,late
GL20,38,0.5017361111111112,FB,4,late
GL21,38,0.35555555555555557,FB,4,late
GL22,38,0.4986111111111111,FB,4,late
GL24,38,0.46944444444444444,FB,4,late
GL25,38,0.5302083333333333,FB,4,late
GL26,38,0.36666666666666664,FB,4,late
GL27,38,0.365625,FB,4,late
GL29,38,0.4722222222222222,FB,4,late
GL03,39,0.2361111111111111,nFB,4,late
GL04,39,0.12152777777777778,nFB,4,late
GL05,39,0.034027777777777775,nFB,4,late
GL06,39,0.103125,nFB,4,late
GL07,39,0.12395833333333334,nFB,4,late
GL08,39,0.16041666666666668,nFB,4,late
GL09,39,0.16180555555555556,nFB,4,late
GL10,39,0.2673611111111111,nFB,4,late
GL11,39,0.11145833333333334,nFB,4,late
GL12,39,0.033680555555555554,nFB,4,late
GL14,39,0.28506944444444443,nFB,4,late
GL15,39,0.128125,nFB,4,late
GL16,39,0.4427083333333333,nFB,4,late
GL17,39,0.06354166666666666,nFB,4,late
GL18,39,0.40034722222222224,nFB,4,late
GL19,39,0.06666666666666667,nFB,4,late
GL20,39,0.27326388888888886,nFB,4,late
GL21,39,0.11388888888888889,nFB,4,late
GL22,39,0.17326388888888888,nFB,4,late
GL24,39,0.005555555555555556,nFB,4,late
GL25,39,0.23402777777777778,nFB,4,late
GL26,39,0.075,nFB,4,late
GL27,39,0.084375,nFB,4,late
GL29,39,0.3260416666666667,nFB,4,late
GL03,40,0.5118055555555555,FB,4,late
GL04,40,0.5704861111111111,FB,4,late
GL05,40,0.31875,FB,4,late
GL06,40,0.46145833333333336,FB,4,late
GL07,40,0.4618055555555556,FB,4,late
GL08,40,0.5024305555555556,FB,4,late
GL09,40,0.30486111111111114,FB,4,late
GL10,40,0.5930555555555556,FB,4,late
GL11,40,0.3732638888888889,FB,4,late
GL12,40,0.12986111111111112,FB,4,late
GL14,40,0.7597222222222222,FB,4,late
GL15,40,0.33402777777777776,FB,4,late
GL16,40,0.65,FB,4,late
GL17,40,0.4791666666666667,FB,4,late
GL18,40,0.7211805555555556,FB,4,late
GL19,40,0.49618055555555557,FB,4,late
GL20,40,0.6260416666666667,FB,4,late
GL21,40,0.296875,FB,4,late
GL22,40,0.5135416666666667,FB,4,late
GL24,40,0.5670138888888889,FB,4,late
GL25,40,0.5722222222222222,FB,4,late
GL26,40,0.3527777777777778,FB,4,late
GL27,40,0.38993055555555556,FB,4,late
GL29,40,0.5597222222222222,FB,4,late
GL03,41,0.22847222222222222,nFB,4,late
GL04,41,0.03090277777777778,nFB,4,late
GL05,41,0.027777777777777776,nFB,4,late
GL06,41,0.11284722222222222,nFB,4,late
GL07,41,0.029166666666666667,nFB,4,late
GL08,41,0.05659722222222222,nFB,4,late
GL09,41,0.2065972222222222,nFB,4,late
GL10,41,0.06215277777777778,nFB,4,late
GL11,41,0.07847222222222222,nFB,4,late
GL12,41,0.021527777777777778,nFB,4,late
GL14,41,0.26180555555555557,nFB,4,late
GL15,41,0.13055555555555556,nFB,4,late
GL16,41,0.42743055555555554,nFB,4,late
GL17,41,0.057291666666666664,nFB,4,late
GL18,41,0.3861111111111111,nFB,4,late
GL19,41,0.07222222222222222,nFB,4,late
GL20,41,0.15069444444444444,nFB,4,late
GL21,41,0.03159722222222222,nFB,4,late
GL22,41,0.03090277777777778,nFB,4,late
GL24,41,0.14270833333333333,nFB,4,late
GL25,41,0.21631944444444445,nFB,4,late
GL26,41,0.12048611111111111,nFB,4,late
GL27,41,0.021875,nFB,4,late
GL29,41,0.19409722222222223,nFB,4,late
GL03,42,0.6788194444444444,FB,4,late
GL04,42,0.6020833333333333,FB,4,late
GL05,42,0.5145833333333333,FB,4,late
GL06,42,0.45034722222222223,FB,4,late
GL07,42,0.3576388888888889,FB,4,late
GL08,42,0.5996527777777778,FB,4,late
GL09,42,0.3420138888888889,FB,4,late
GL10,42,0.48125,FB,4,late
GL11,42,0.4673611111111111,FB,4,late
GL12,42,0.125,FB,4,late
GL14,42,0.70625,FB,4,late
GL15,42,0.49201388888888886,FB,4,late
GL16,42,0.6111111111111112,FB,4,late
GL17,42,0.5232638888888889,FB,4,late
GL18,42,0.7177083333333333,FB,4,late
GL19,42,0.3746527777777778,FB,4,late
GL20,42,0.5534722222222223,FB,4,late
GL21,42,0.4111111111111111,FB,4,late
GL22,42,0.5385416666666667,FB,4,late
GL24,42,0.6458333333333334,FB,4,late
GL25,42,0.5697916666666667,FB,4,late
GL26,42,0.30069444444444443,FB,4,late
GL27,42,0.3958333333333333,FB,4,late
GL29,42,0.4270833333333333,FB,4,late
GL03,43,0.3170138888888889,nFB,4,late
GL04,43,0.23819444444444443,nFB,4,late
GL05,43,0.03576388888888889,nFB,4,late
GL06,43,0.11840277777777777,nFB,4,late
GL07,43,0.04548611111111111,nFB,4,late
GL08,43,0.14201388888888888,nFB,4,late
GL09,43,0.20833333333333334,nFB,4,late
GL10,43,0.16944444444444445,nFB,4,late
GL11,43,0.109375,nFB,4,late
GL12,43,0.03159722222222222,nFB,4,late
GL14,43,0.1517361111111111,nFB,4,late
GL15,43,0.06527777777777778,nFB,4,late
GL16,43,0.5305555555555556,nFB,4,late
GL17,43,0.029513888888888888,nFB,4,late
GL18,43,0.4284722222222222,nFB,4,late
GL19,43,0.005555555555555556,nFB,4,late
GL20,43,0.10798611111111112,nFB,4,late
GL21,43,0.03576388888888889,nFB,4,late
GL22,43,0.14583333333333334,nFB,4,late
GL24,43,0.02847222222222222,nFB,4,late
GL25,43,0.34097222222222223,nFB,4,late
GL26,43,0.11388888888888889,nFB,4,late
GL27,43,0.012847222222222222,nFB,4,late
GL29,43,0.2232638888888889,nFB,4,late
GL03,44,0.6315972222222223,FB,4,late
GL04,44,0.6756944444444445,FB,4,late
GL05,44,0.34097222222222223,FB,4,late
GL06,44,0.4215277777777778,FB,4,late
GL07,44,0.2670138888888889,FB,4,late
GL08,44,0.5576388888888889,FB,4,late
GL09,44,0.4732638888888889,FB,4,late
GL10,44,0.4545138888888889,FB,4,late
GL11,44,0.5822916666666667,FB,4,late
GL12,44,0.05486111111111111,FB,4,late
GL14,44,0.7451388888888889,FB,4,late
GL15,44,0.3079861111111111,FB,4,late
GL16,44,0.6444444444444445,FB,4,late
GL17,44,0.48541666666666666,FB,4,late
GL18,44,0.6930555555555555,FB,4,late
GL19,44,0.47465277777777776,FB,4,late
GL20,44,0.571875,FB,4,late
GL21,44,0.3923611111111111,FB,4,late
GL22,44,0.6069444444444444,FB,4,late
GL24,44,0.5493055555555556,FB,4,late
GL25,44,0.5222222222222223,FB,4,late
GL26,44,0.3753472222222222,FB,4,late
GL27,44,0.39131944444444444,FB,4,late
GL29,44,0.3951388888888889,FB,4,late
GL03,45,0.16666666666666666,nFB,4,late
GL04,45,0.1232638888888889,nFB,4,late
GL05,45,0.06319444444444444,nFB,4,late
GL06,45,0.11701388888888889,nFB,4,late
GL07,45,0.06388888888888888,nFB,4,late
GL08,45,0.04375,nFB,4,late
GL09,45,0.17708333333333334,nFB,4,late
GL10,45,0.18854166666666666,nFB,4,late
GL11,45,0.07847222222222222,nFB,4,late
GL12,45,0.071875,nFB,4,late
GL14,45,0.390625,nFB,4,late
GL15,45,0.046875,nFB,4,late
GL16,45,0.4371527777777778,nFB,4,late
GL17,45,0.09791666666666667,nFB,4,late
GL18,45,0.39895833333333336,nFB,4,late
GL19,45,0.06840277777777778,nFB,4,late
GL20,45,0.22777777777777777,nFB,4,late
GL21,45,0.02326388888888889,nFB,4,late
GL22,45,0.21909722222222222,nFB,4,late
GL24,45,0.11041666666666666,nFB,4,late
GL25,45,0.16631944444444444,nFB,4,late
GL26,45,0.20416666666666666,nFB,4,late
GL27,45,0.016319444444444445,nFB,4,late
GL29,45,0.1753472222222222,nFB,4,late
GL03,46,0.6729166666666667,FB,4,late
GL04,46,0.6440972222222222,FB,4,late
GL05,46,0.4079861111111111,FB,4,late
GL06,46,0.4909722222222222,FB,4,late
GL07,46,0.28715277777777776,FB,4,late
GL08,46,0.43159722222222224,FB,4,late
GL09,46,0.45694444444444443,FB,4,late
GL10,46,0.4059027777777778,FB,4,late
GL11,46,0.4232638888888889,FB,4,late
GL12,46,0.228125,FB,4,late
GL14,46,0.7736111111111111,FB,4,late
GL15,46,0.3892361111111111,FB,4,late
GL16,46,0.7246527777777778,FB,4,late
GL17,46,0.5340277777777778,FB,4,late
GL18,46,0.7142361111111111,FB,4,late
GL19,46,0.39895833333333336,FB,4,late
GL20,46,0.49236111111111114,FB,4,late
GL21,46,0.20173611111111112,FB,4,late
GL22,46,0.4826388888888889,FB,4,late
GL24,46,0.7048611111111112,FB,4,late
GL25,46,0.48055555555555557,FB,4,late
GL26,46,0.5208333333333334,FB,4,late
GL27,46,0.38472222222222224,FB,4,late
GL29,46,0.471875,FB,4,late
GL03,47,0.1951388888888889,nFB,4,late
GL04,47,0.18854166666666666,nFB,4,late
GL05,47,0.13923611111111112,nFB,4,late
GL06,47,0.13125,nFB,4,late
GL07,47,0.060069444444444446,nFB,4,late
GL08,47,0.04722222222222222,nFB,4,late
GL09,47,0.2552083333333333,nFB,4,late
GL10,47,0.2760416666666667,nFB,4,late
GL11,47,0.14652777777777778,nFB,4,late
GL12,47,0.08194444444444444,nFB,4,late
GL14,47,0.3680555555555556,nFB,4,late
GL15,47,0.16319444444444445,nFB,4,late
GL16,47,0.409375,nFB,4,late
GL17,47,0.07118055555555555,nFB,4,late
GL18,47,0.4739583333333333,nFB,4,late
GL19,47,0.00625,nFB,4,late
GL20,47,0.20381944444444444,nFB,4,late
GL21,47,0.044097222222222225,nFB,4,late
GL22,47,0.18159722222222222,nFB,4,late
GL24,47,0.05694444444444444,nFB,4,late
GL25,47,0.21770833333333334,nFB,4,late
GL26,47,0.190625,nFB,4,late
GL27,47,0.07604166666666666,nFB,4,late
GL29,47,0.1986111111111111,nFB,4,late
GL03,48,0.6319444444444444,Test,5,late
GL04,48,0.6225694444444444,Test,5,late
GL05,48,0.4236111111111111,Test,5,late
GL06,48,0.4513888888888889,Test,5,late
GL07,48,0.19166666666666668,Test,5,late
GL08,48,0.46319444444444446,Test,5,late
GL09,48,0.5215277777777778,Test,5,late
GL10,48,0.571875,Test,5,late
GL11,48,0.5875,Test,5,late
GL12,48,0.290625,Test,5,late
GL14,48,0.7357638888888889,Test,5,late
GL15,48,0.3697916666666667,Test,5,late
GL16,48,0.6020833333333333,Test,5,late
GL17,48,0.5180555555555556,Test,5,late
GL18,48,0.6288194444444445,Test,5,late
GL19,48,0.30659722222222224,Test,5,late
GL20,48,0.5340277777777778,Test,5,late
GL21,48,0.340625,Test,5,late
GL22,48,0.6125,Test,5,late
GL24,48,0.49756944444444445,Test,5,late
GL25,48,0.6430555555555556,Test,5,late
GL26,48,0.40520833333333334,Test,5,late
GL27,48,0.553125,Test,5,late
GL29,48,0.4576388888888889,Test,5,late
GL03,49,0.6121527777777778,Test,5,late
GL04,49,0.5340277777777778,Test,5,late
GL05,49,0.4486111111111111,Test,5,late
GL06,49,0.31631944444444443,Test,5,late
GL07,49,0.2670138888888889,Test,5,late
GL08,49,0.5618055555555556,Test,5,late
GL09,49,0.4909722222222222,Test,5,late
GL10,49,0.39861111111111114,Test,5,late
GL11,49,0.6545138888888888,Test,5,late
GL12,49,0.30416666666666664,Test,5,late
GL14,49,0.6486111111111111,Test,5,late
GL15,49,0.3371527777777778,Test,5,late
GL16,49,0.40520833333333334,Test,5,late
GL17,49,0.5215277777777778,Test,5,late
GL18,49,0.5572916666666666,Test,5,late
GL19,49,0.4954861111111111,Test,5,late
GL20,49,0.3229166666666667,Test,5,late
GL21,49,0.41006944444444443,Test,5,late
GL22,49,0.4670138888888889,Test,5,late
GL24,49,0.5375,Test,5,late
GL25,49,0.49756944444444445,Test,5,late
GL26,49,0.32743055555555556,Test,5,late
GL27,49,0.6034722222222222,Test,5,late
GL29,49,0.3909722222222222,Test,5,late
GL03,50,0.7121527777777777,Test,5,late
GL04,50,0.5802083333333333,Test,5,late
GL05,50,0.4822916666666667,Test,5,late
GL06,50,0.5809027777777778,Test,5,late
GL07,50,0.38680555555555557,Test,5,late
GL08,50,0.6399305555555556,Test,5,late
GL09,50,0.4909722222222222,Test,5,late
GL10,50,0.5451388888888888,Test,5,late
GL11,50,0.4791666666666667,Test,5,late
GL12,50,0.36319444444444443,Test,5,late
GL14,50,0.7107638888888889,Test,5,late
GL15,50,0.32048611111111114,Test,5,late
GL16,50,0.5388888888888889,Test,5,late
GL17,50,0.49201388888888886,Test,5,late
GL18,50,0.6819444444444445,Test,5,late
GL19,50,0.5784722222222223,Test,5,late
GL20,50,0.3927083333333333,Test,5,late
GL21,50,0.4354166666666667,Test,5,late
GL22,50,0.534375,Test,5,late
GL24,50,0.3326388888888889,Test,5,late
GL25,50,0.6395833333333333,Test,5,late
GL26,50,0.25416666666666665,Test,5,late
GL27,50,0.5510416666666667,Test,5,late
GL29,50,0.5024305555555556,Test,5,late
GL03,51,0.6815972222222222,Test,5,late
GL04,51,0.39131944444444444,Test,5,late
GL05,51,0.33194444444444443,Test,5,late
GL06,51,0.38055555555555554,Test,5,late
GL07,51,0.2857638888888889,Test,5,late
GL08,51,0.4774305555555556,Test,5,late
GL09,51,0.49895833333333334,Test,5,late
GL10,51,0.2934027777777778,Test,5,late
GL11,51,0.5822916666666667,Test,5,late
GL12,51,0.22013888888888888,Test,5,late
GL14,51,0.6284722222222222,Test,5,late
GL15,51,0.4527777777777778,Test,5,late
GL16,51,0.4388888888888889,Test,5,late
GL17,51,0.6090277777777777,Test,5,late
GL18,51,0.6388888888888888,Test,5,late
GL19,51,0.4184027777777778,Test,5,late
GL20,51,0.409375,Test,5,late
GL21,51,0.4822916666666667,Test,5,late
GL22,51,0.4288194444444444,Test,5,late
GL24,51,0.30243055555555554,Test,5,late
GL25,51,0.36770833333333336,Test,5,late
GL26,51,0.30659722222222224,Test,5,late
GL27,51,0.490625,Test,5,late
GL29,51,0.36006944444444444,Test,5,late
GL03,52,0.7447916666666666,Test,5,late
GL04,52,0.640625,Test,5,late
GL05,52,0.47881944444444446,Test,5,late
GL06,52,0.44340277777777776,Test,5,late
GL07,52,0.3993055555555556,Test,5,late
GL08,52,0.7350694444444444,Test,5,late
GL09,52,0.6145833333333334,Test,5,late
GL10,52,0.49166666666666664,Test,5,late
GL11,52,0.6180555555555556,Test,5,late
GL12,52,0.37743055555555555,Test,5,late
GL14,52,0.7427083333333333,Test,5,late
GL15,52,0.4239583333333333,Test,5,late
GL16,52,0.5055555555555555,Test,5,late
GL17,52,0.584375,Test,5,late
GL18,52,0.6756944444444445,Test,5,late
GL19,52,0.5458333333333333,Test,5,late
GL20,52,0.44305555555555554,Test,5,late
GL21,52,0.5423611111111111,Test,5,late
GL22,52,0.6854166666666667,Test,5,late
GL24,52,0.03784722222222222,Test,5,late
GL25,52,0.6822916666666666,Test,5,late
GL26,52,0.3902777777777778,Test,5,late
GL27,52,0.5149305555555556,Test,5,late
GL29,52,0.3329861111111111,Test,5,late
GL03,53,0.7625,Test,5,late
GL04,53,0.4736111111111111,Test,5,late
GL05,53,0.4361111111111111,Test,5,late
GL06,53,0.425,Test,5,late
GL07,53,0.13159722222222223,Test,5,late
GL08,53,0.48541666666666666,Test,5,late
GL09,53,0.5489583333333333,Test,5,late
GL10,53,0.434375,Test,5,late
GL11,53,0.5784722222222223,Test,5,late
GL12,53,0.24479166666666666,Test,5,late
GL14,53,0.6159722222222223,Test,5,late
GL15,53,0.4236111111111111,Test,5,late
GL16,53,0.3486111111111111,Test,5,late
GL17,53,0.5003472222222223,Test,5,late
GL18,53,0.6649305555555556,Test,5,late
GL19,53,0.5149305555555556,Test,5,late
GL20,53,0.3607638888888889,Test,5,late
GL21,53,0.4222222222222222,Test,5,late
GL22,53,0.5461805555555556,Test,5,late
GL24,53,0.19895833333333332,Test,5,late
GL25,53,0.5291666666666667,Test,5,late
GL26,53,0.3486111111111111,Test,5,late
GL27,53,0.6572916666666667,Test,5,late
GL29,53,0.46631944444444445,Test,5,late
GL03,54,0.7451388888888889,Test,5,late
GL04,54,0.5010416666666667,Test,5,late
GL05,54,0.5486111111111112,Test,5,late
GL06,54,0.44166666666666665,Test,5,late
GL07,54,0.30451388888888886,Test,5,late
GL08,54,0.5833333333333334,Test,5,late
GL09,54,0.6395833333333333,Test,5,late
GL10,54,0.3854166666666667,Test,5,late
GL11,54,0.6236111111111111,Test,5,late
GL12,54,0.3295138888888889,Test,5,late
GL14,54,0.7392361111111111,Test,5,late
GL15,54,0.3746527777777778,Test,5,late
GL16,54,0.5020833333333333,Test,5,late
GL17,54,0.49583333333333335,Test,5,late
GL18,54,0.7420138888888889,Test,5,late
GL19,54,0.5833333333333334,Test,5,late
GL20,54,0.49166666666666664,Test,5,late
GL21,54,0.265625,Test,5,late
GL22,54,0.5503472222222222,Test,5,late
GL24,54,0.0798611111111111,Test,5,late
GL25,54,0.6736111111111112,Test,5,late
GL26,54,0.47465277777777776,Test,5,late
GL27,54,0.6614583333333334,Test,5,late
GL29,54,0.2642361111111111,Test,5,late
GL03,55,0.7659722222222223,Test,5,late
GL04,55,0.4305555555555556,Test,5,late
GL05,55,0.4736111111111111,Test,5,late
GL06,55,0.35208333333333336,Test,5,late
GL07,55,0.35520833333333335,Test,5,late
GL08,55,0.49930555555555556,Test,5,late
GL09,55,0.6090277777777777,Test,5,late
GL10,55,0.5090277777777777,Test,5,late
GL11,55,0.7104166666666667,Test,5,late
GL12,55,0.3246527777777778,Test,5,late
GL14,55,0.6388888888888888,Test,5,late
GL15,55,0.3454861111111111,Test,5,late
GL16,55,0.5534722222222223,Test,5,late
GL17,55,0.5684027777777778,Test,5,late
GL18,55,0.6854166666666667,Test,5,late
GL19,55,0.5513888888888889,Test,5,late
GL20,55,0.3701388888888889,Test,5,late
GL21,55,0.5934027777777777,Test,5,late
GL22,55,0.5850694444444444,Test,5,late
GL24,55,0.29444444444444445,Test,5,late
GL25,55,0.5364583333333334,Test,5,late
GL26,55,0.4097222222222222,Test,5,late
GL27,55,0.628125,Test,5,late
GL29,55,0.46597222222222223,Test,5,late
GL03,56,0.73125,Test,5,late
GL04,56,0.6180555555555556,Test,5,late
GL05,56,0.49722222222222223,Test,5,late
GL06,56,0.37881944444444443,Test,5,late
GL07,56,0.29930555555555555,Test,5,late
GL08,56,0.6114583333333333,Test,5,late
GL09,56,0.6409722222222223,Test,5,late
GL10,56,0.41805555555555557,Test,5,late
GL11,56,0.7861111111111111,Test,5,late
GL12,56,0.4479166666666667,Test,5,late
GL14,56,0.6802083333333333,Test,5,late
GL15,56,0.40069444444444446,Test,5,late
GL16,56,0.6361111111111111,Test,5,late
GL17,56,0.5267361111111111,Test,5,late
GL18,56,0.7635416666666667,Test,5,late
GL19,56,0.5559027777777777,Test,5,late
GL20,56,0.5131944444444444,Test,5,late
GL21,56,0.4888888888888889,Test,5,late
GL22,56,0.5756944444444444,Test,5,late
GL24,56,0.04618055555555556,Test,5,late
GL25,56,0.7020833333333333,Test,5,late
GL26,56,0.5451388888888888,Test,5,late
GL27,56,0.6190972222222222,Test,5,late
GL29,56,0.42951388888888886,Test,5,late
GL03,57,0.7482638888888888,Test,5,late
GL04,57,0.6229166666666667,Test,5,late
GL05,57,0.5138888888888888,Test,5,late
GL06,57,0.40520833333333334,Test,5,late
GL07,57,0.3298611111111111,Test,5,late
GL08,57,0.6795138888888889,Test,5,late
GL09,57,0.5864583333333333,Test,5,late
GL10,57,0.3454861111111111,Test,5,late
GL11,57,0.6197916666666666,Test,5,late
GL12,57,0.30416666666666664,Test,5,late
GL14,57,0.6145833333333334,Test,5,late
GL15,57,0.18888888888888888,Test,5,late
GL16,57,0.5420138888888889,Test,5,late
GL17,57,0.5743055555555555,Test,5,late
GL18,57,0.6815972222222222,Test,5,late
GL19,57,0.5149305555555556,Test,5,late
GL20,57,0.48541666666666666,Test,5,late
GL21,57,0.2934027777777778,Test,5,late
GL22,57,0.64375,Test,5,late
GL24,57,0.15625,Test,5,late
GL25,57,0.434375,Test,5,late
GL26,57,0.39861111111111114,Test,5,late
GL27,57,0.6527777777777778,Test,5,late
GL29,57,0.42951388888888886,Test,5,late
GL03,58,0.7284722222222222,Test,5,late
GL04,58,0.6461805555555555,Test,5,late
GL05,58,0.428125,Test,5,late
GL06,58,0.3211805555555556,Test,5,late
GL07,58,0.3072916666666667,Test,5,late
GL08,58,0.5847222222222223,Test,5,late
GL09,58,0.4791666666666667,Test,5,late
GL10,58,0.44340277777777776,Test,5,late
GL11,58,0.7010416666666667,Test,5,late
GL12,58,0.24305555555555555,Test,5,late
GL14,58,0.684375,Test,5,late
GL15,58,0.24930555555555556,Test,5,late
GL16,58,0.575,Test,5,late
GL17,58,0.6333333333333333,Test,5,late
GL18,58,0.7034722222222223,Test,5,late
GL19,58,0.5461805555555556,Test,5,late
GL20,58,0.4777777777777778,Test,5,late
GL21,58,0.2652777777777778,Test,5,late
GL22,58,0.528125,Test,5,late
GL24,58,0.21631944444444445,Test,5,late
GL25,58,0.6847222222222222,Test,5,late
GL26,58,0.5385416666666667,Test,5,late
GL27,58,0.5854166666666667,Test,5,late
GL29,58,0.39131944444444444,Test,5,late
GL03,59,0.6298611111111111,Test,5,late
GL04,59,0.6045138888888889,Test,5,late
GL05,59,0.45590277777777777,Test,5,late
GL06,59,0.34097222222222223,Test,5,late
GL07,59,0.3034722222222222,Test,5,late
GL08,59,0.6704861111111111,Test,5,late
GL09,59,0.5163194444444444,Test,5,late
GL10,59,0.28194444444444444,Test,5,late
GL11,59,0.7548611111111111,Test,5,late
GL12,59,0.32430555555555557,Test,5,late
GL14,59,0.5586805555555555,Test,5,late
GL15,59,0.3611111111111111,Test,5,late
GL16,59,0.39340277777777777,Test,5,late
GL17,59,0.628125,Test,5,late
GL18,59,0.7027777777777777,Test,5,late
GL19,59,0.5326388888888889,Test,5,late
GL20,59,0.45625,Test,5,late
GL21,59,0.1875,Test,5,late
GL22,59,0.6229166666666667,Test,5,late
GL24,59,0.13506944444444444,Test,5,late
GL25,59,0.6118055555555556,Test,5,late
GL26,59,0.35208333333333336,Test,5,late
GL27,59,0.7277777777777777,Test,5,late
GL29,59,0.4284722222222222,Test,5,late
GL03,60,0.7690972222222222,Test,6,late
GL04,60,0.6232638888888888,Test,6,late
GL05,60,0.48506944444444444,Test,6,late
GL06,60,0.4340277777777778,Test,6,late
GL07,60,0.30868055555555557,Test,6,late
GL08,60,0.6986111111111111,Test,6,late
GL09,60,0.5972222222222222,Test,6,late
GL10,60,0.6052083333333333,Test,6,late
GL11,60,0.5388888888888889,Test,6,late
GL12,60,0.4465277777777778,Test,6,late
GL14,60,0.7388888888888889,Test,6,late
GL15,60,0.490625,Test,6,late
GL16,60,0.5708333333333333,Test,6,late
GL17,60,0.5284722222222222,Test,6,late
GL18,60,0.75625,Test,6,late
GL19,60,0.48993055555555554,Test,6,late
GL20,60,0.5458333333333333,Test,6,late
GL21,60,0.3888888888888889,Test,6,late
GL22,60,0.6364583333333333,Test,6,late
GL24,60,0.6430555555555556,Test,6,late
GL25,60,0.7243055555555555,Test,6,late
GL26,60,0.5579861111111111,Test,6,late
GL27,60,0.7947916666666667,Test,6,late
GL29,60,0.4510416666666667,Test,6,late
GL03,61,0.74375,Test,6,late
GL04,61,0.4895833333333333,Test,6,late
GL05,61,0.4822916666666667,Test,6,late
GL06,61,0.4378472222222222,Test,6,late
GL07,61,0.34618055555555555,Test,6,late
GL08,61,0.6211805555555555,Test,6,late
GL09,61,0.6260416666666667,Test,6,late
GL10,61,0.4722222222222222,Test,6,late
GL11,61,0.7586805555555556,Test,6,late
GL12,61,0.46111111111111114,Test,6,late
GL14,61,0.6979166666666666,Test,6,late
GL15,61,0.47256944444444443,Test,6,late
GL16,61,0.34652777777777777,Test,6,late
GL17,61,0.7020833333333333,Test,6,late
GL18,61,0.7322916666666667,Test,6,late
GL19,61,0.43819444444444444,Test,6,late
GL20,61,0.46597222222222223,Test,6,late
GL21,61,0.30833333333333335,Test,6,late
GL22,61,0.6586805555555556,Test,6,late
GL24,61,0.615625,Test,6,late
GL25,61,0.66875,Test,6,late
GL26,61,0.3298611111111111,Test,6,late
GL27,61,0.6961805555555556,Test,6,late
GL29,61,0.5399305555555556,Test,6,late
GL03,62,0.7572916666666667,Test,6,late
GL04,62,0.6489583333333333,Test,6,late
GL05,62,0.45694444444444443,Test,6,late
GL06,62,0.47152777777777777,Test,6,late
GL07,62,0.36770833333333336,Test,6,late
GL08,62,0.7006944444444444,Test,6,late
GL09,62,0.5930555555555556,Test,6,late
GL10,62,0.45625,Test,6,late
GL11,62,0.7451388888888889,Test,6,late
GL12,62,0.41770833333333335,Test,6,late
GL14,62,0.73125,Test,6,late
GL15,62,0.46979166666666666,Test,6,late
GL16,62,0.3326388888888889,Test,6,late
GL17,62,0.5767361111111111,Test,6,late
GL18,62,0.7229166666666667,Test,6,late
GL19,62,0.4166666666666667,Test,6,late
GL20,62,0.45902777777777776,Test,6,late
GL21,62,0.18854166666666666,Test,6,late
GL22,62,0.6673611111111111,Test,6,late
GL24,62,0.5809027777777778,Test,6,late
GL25,62,0.6440972222222222,Test,6,late
GL26,62,0.4947916666666667,Test,6,late
GL27,62,0.6177083333333333,Test,6,late
GL29,62,0.4326388888888889,Test,6,late
GL03,63,0.7017361111111111,Test,6,late
GL04,63,0.5486111111111112,Test,6,late
GL05,63,0.47291666666666665,Test,6,late
GL06,63,0.315625,Test,6,late
GL07,63,0.3055555555555556,Test,6,late
GL08,63,0.6239583333333333,Test,6,late
GL09,63,0.5447916666666667,Test,6,late
GL10,63,0.2204861111111111,Test,6,late
GL11,63,0.7260416666666667,Test,6,late
GL12,63,0.39479166666666665,Test,6,late
GL14,63,0.6045138888888889,Test,6,late
GL15,63,0.4395833333333333,Test,6,late
GL16,63,0.37743055555555555,Test,6,late
GL17,63,0.5996527777777778,Test,6,late
GL18,63,0.7222222222222222,Test,6,late
GL19,63,0.4840277777777778,Test,6,late
GL20,63,0.4621527777777778,Test,6,late
GL21,63,0.39895833333333336,Test,6,late
GL22,63,0.6850694444444444,Test,6,late
GL24,63,0.6027777777777777,Test,6,late
GL25,63,0.6239583333333333,Test,6,late
GL26,63,0.29270833333333335,Test,6,late
GL27,63,0.734375,Test,6,late
GL29,63,0.5697916666666667,Test,6,late
GL03,64,0.7159722222222222,Test,6,late
GL04,64,0.6475694444444444,Test,6,late
GL05,64,0.5225694444444444,Test,6,late
GL06,64,0.2725694444444444,Test,6,late
GL07,64,0.346875,Test,6,late
GL08,64,0.5291666666666667,Test,6,late
GL09,64,0.690625,Test,6,late
GL10,64,0.3975694444444444,Test,6,late
GL11,64,0.7145833333333333,Test,6,late
GL12,64,0.39895833333333336,Test,6,late
GL14,64,0.7184027777777777,Test,6,late
GL15,64,0.5354166666666667,Test,6,late
GL16,64,0.6854166666666667,Test,6,late
GL17,64,0.6208333333333333,Test,6,late
GL18,64,0.7121527777777777,Test,6,late
GL19,64,0.4701388888888889,Test,6,late
GL20,64,0.5704861111111111,Test,6,late
GL21,64,0.28368055555555555,Test,6,late
GL22,64,0.5940972222222223,Test,6,late
GL24,64,0.6534722222222222,Test,6,late
GL25,64,0.6958333333333333,Test,6,late
GL26,64,0.5295138888888888,Test,6,late
GL27,64,0.5722222222222222,Test,6,late
GL29,64,0.5760416666666667,Test,6,late
GL03,65,0.7465277777777778,Test,6,late
GL04,65,0.5631944444444444,Test,6,late
GL05,65,0.4545138888888889,Test,6,late
GL06,65,0.41354166666666664,Test,6,late
GL07,65,0.44027777777777777,Test,6,late
GL08,65,0.5715277777777777,Test,6,late
GL09,65,0.5743055555555555,Test,6,late
GL10,65,0.23020833333333332,Test,6,late
GL11,65,0.7625,Test,6,late
GL12,65,0.3451388888888889,Test,6,late
GL14,65,0.5368055555555555,Test,6,late
GL15,65,0.4704861111111111,Test,6,late
GL16,65,0.46770833333333334,Test,6,late
GL17,65,0.6770833333333334,Test,6,late
GL18,65,0.5979166666666667,Test,6,late
GL19,65,0.5857638888888889,Test,6,late
GL20,65,0.45729166666666665,Test,6,late
GL21,65,0.44479166666666664,Test,6,late
GL22,65,0.6868055555555556,Test,6,late
GL24,65,0.7125,Test,6,late
GL25,65,0.7142361111111111,Test,6,late
GL26,65,0.38680555555555557,Test,6,late
GL27,65,0.6916666666666667,Test,6,late
GL29,65,0.5440972222222222,Test,6,late
GL03,66,0.6496527777777777,Test,6,late
GL04,66,0.6184027777777777,Test,6,late
GL05,66,0.503125,Test,6,late
GL06,66,0.41909722222222223,Test,6,late
GL07,66,0.4013888888888889,Test,6,late
GL08,66,0.6524305555555555,Test,6,late
GL09,66,0.6076388888888888,Test,6,late
GL10,66,0.33055555555555555,Test,6,late
GL11,66,0.628125,Test,6,late
GL12,66,0.33229166666666665,Test,6,late
GL14,66,0.7180555555555556,Test,6,late
GL15,66,0.4357638888888889,Test,6,late
GL16,66,0.6322916666666667,Test,6,late
GL17,66,0.6600694444444445,Test,6,late
GL18,66,0.7517361111111112,Test,6,late
GL19,66,0.4708333333333333,Test,6,late
GL20,66,0.5701388888888889,Test,6,late
GL21,66,0.28680555555555554,Test,6,late
GL22,66,0.6065972222222222,Test,6,late
GL24,66,0.5958333333333333,Test,6,late
GL25,66,0.70625,Test,6,late
GL26,66,0.6059027777777778,Test,6,late
GL27,66,0.6465277777777778,Test,6,late
GL29,66,0.47291666666666665,Test,6,late
GL03,67,0.5791666666666667,Test,6,late
GL04,67,0.3927083333333333,Test,6,late
GL05,67,0.503125,Test,6,late
GL06,67,0.34652777777777777,Test,6,late
GL07,67,0.2791666666666667,Test,6,late
GL08,67,0.53125,Test,6,late
GL09,67,0.5659722222222222,Test,6,late
GL10,67,0.4486111111111111,Test,6,late
GL11,67,0.6788194444444444,Test,6,late
GL12,67,0.346875,Test,6,late
GL14,67,0.5934027777777777,Test,6,late
GL15,67,0.40208333333333335,Test,6,late
GL16,67,0.47673611111111114,Test,6,late
GL17,67,0.6625,Test,6,late
GL18,67,0.6013888888888889,Test,6,late
GL19,67,0.54375,Test,6,late
GL20,67,0.6590277777777778,Test,6,late
GL21,67,0.46076388888888886,Test,6,late
GL22,67,0.5989583333333334,Test,6,late
GL24,67,0.7100694444444444,Test,6,late
GL25,67,0.6684027777777778,Test,6,late
GL26,67,0.47638888888888886,Test,6,late
GL27,67,0.6100694444444444,Test,6,late
GL29,67,0.5552083333333333,Test,6,late
GL03,68,0.4114583333333333,Test,6,late
GL04,68,0.6590277777777778,Test,6,late
GL05,68,0.5309027777777777,Test,6,late
GL06,68,0.390625,Test,6,late
GL07,68,0.2552083333333333,Test,6,late
GL08,68,0.5847222222222223,Test,6,late
GL09,68,0.5486111111111112,Test,6,late
GL10,68,0.36944444444444446,Test,6,late
GL11,68,0.709375,Test,6,late
GL12,68,0.409375,Test,6,late
GL14,68,0.7246527777777778,Test,6,late
GL15,68,0.5701388888888889,Test,6,late
GL16,68,0.5756944444444444,Test,6,late
GL17,68,0.5850694444444444,Test,6,late
GL18,68,0.7416666666666667,Test,6,late
GL19,68,0.5208333333333334,Test,6,late
GL20,68,0.65625,Test,6,late
GL21,68,0.39652777777777776,Test,6,late
GL22,68,0.6395833333333333,Test,6,late
GL24,68,0.6072916666666667,Test,6,late
GL25,68,0.7288194444444445,Test,6,late
GL26,68,0.5684027777777778,Test,6,late
GL27,68,0.7368055555555556,Test,6,late
GL29,68,0.47604166666666664,Test,6,late
GL03,69,0.5600694444444444,Test,6,late
GL04,69,0.5024305555555556,Test,6,late
GL05,69,0.41354166666666664,Test,6,late
GL06,69,0.4152777777777778,Test,6,late
GL07,69,0.18159722222222222,Test,6,late
GL08,69,0.5916666666666667,Test,6,late
GL09,69,0.6079861111111111,Test,6,late
GL10,69,0.2986111111111111,Test,6,late
GL11,69,0.6100694444444444,Test,6,late
GL12,69,0.34965277777777776,Test,6,late
GL14,69,0.7055555555555556,Test,6,late
GL15,69,0.359375,Test,6,late
GL16,69,0.5447916666666667,Test,6,late
GL17,69,0.6475694444444444,Test,6,late
GL18,69,0.6121527777777778,Test,6,late
GL19,69,0.4652777777777778,Test,6,late
GL20,69,0.6125,Test,6,late
GL21,69,0.33368055555555554,Test,6,late
GL22,69,0.5888888888888889,Test,6,late
GL24,69,0.5451388888888888,Test,6,late
GL25,69,0.6666666666666666,Test,6,late
GL26,69,0.5159722222222223,Test,6,late
GL27,69,0.6420138888888889,Test,6,late
GL29,69,0.5173611111111112,Test,6,late
GL03,70,0.6225694444444444,Test,6,late
GL04,70,0.6333333333333333,Test,6,late
GL05,70,0.5295138888888888,Test,6,late
GL06,70,0.39618055555555554,Test,6,late
GL07,70,0.4166666666666667,Test,6,late
GL08,70,0.5381944444444444,Test,6,late
GL09,70,0.6732638888888889,Test,6,late
GL10,70,0.4076388888888889,Test,6,late
GL11,70,0.5965277777777778,Test,6,late
GL12,70,0.26145833333333335,Test,6,late
GL14,70,0.7819444444444444,Test,6,late
GL15,70,0.5434027777777778,Test,6,late
GL16,70,0.6496527777777777,Test,6,late
GL17,70,0.5982638888888889,Test,6,late
GL18,70,0.7392361111111111,Test,6,late
GL19,70,0.4326388888888889,Test,6,late
GL20,70,0.4409722222222222,Test,6,late
GL21,70,0.3597222222222222,Test,6,late
GL22,70,0.6510416666666666,Test,6,late
GL24,70,0.7003472222222222,Test,6,late
GL25,70,0.7454861111111111,Test,6,late
GL26,70,0.6361111111111111,Test,6,late
GL27,70,0.6788194444444444,Test,6,late
GL29,70,0.4479166666666667,Test,6,late
GL03,71,0.5267361111111111,Test,6,late
GL04,71,0.6548611111111111,Test,6,late
GL05,71,0.4913194444444444,Test,6,late
GL06,71,0.40381944444444445,Test,6,late
GL07,71,0.3194444444444444,Test,6,late
GL08,71,0.5493055555555556,Test,6,late
GL09,71,0.5940972222222223,Test,6,late
GL10,71,0.36701388888888886,Test,6,late
GL11,71,0.5125,Test,6,late
GL12,71,0.2586805555555556,Test,6,late
GL14,71,0.6038194444444445,Test,6,late
GL15,71,0.44583333333333336,Test,6,late
GL16,71,0.5638888888888889,Test,6,late
GL17,71,0.5600694444444444,Test,6,late
GL18,71,0.7138888888888889,Test,6,late
GL19,71,0.49930555555555556,Test,6,late
GL20,71,0.4059027777777778,Test,6,late
GL21,71,0.271875,Test,6,late
GL22,71,0.5475694444444444,Test,6,late
GL24,71,0.5138888888888888,Test,6,late
GL25,71,0.684375,Test,6,late
GL26,71,0.36215277777777777,Test,6,late
GL27,71,0.6826388888888889,Test,6,late
GL29,71,0.4947916666666667,Test,6,late
